Station ID,Station Name,Station ID DOMO,Has Kiosk,Dock Count,Station Latitude,Station Longitude,Region_ID,shape
17,Embarcadero BART Station (Beale St at Market St),SF-E29-3,true,29,37.792251,-122.397086,3,POINT (-122.39707 37.792248)
30,San Francisco Caltrain (Townsend St at 4th St),SF-J29,true,19,37.776598,-122.395282,3,POINT (-122.39527 37.776592)
95,Sanchez St at 15th St,SF-M20,true,27,37.7662185,-122.4310597,3,POINT (-122.431046 37.766212)
107,17th St at Dolores St,SF-N21,true,23,37.7630152,-122.4264968,3,POINT (-122.42648 37.763012)
89,Division St at Potrero Ave,SF-L26,true,27,37.769263,-122.407054,3,POINT (-122.40704 37.769257)
125,20th St at Bryant St,SF-O25-2,true,15,37.759162,-122.4100475,3,POINT (-122.410034 37.759155)
121,Mission Playground,SF-O22,true,23,37.7592103,-122.4213392,3,POINT (-122.421326 37.759205)
123,Folsom St at 19th St,SF-O24,true,19,37.7605936,-122.4148171,3,POINT (-122.4148 37.76059)
101,15th St at Potrero Ave,SF-M26,true,27,37.7670785,-122.40735859,3,POINT (-122.40735 37.767075)
113,Franklin Square,SF-N25,true,19,37.7645435,-122.410349,3,POINT (-122.41034 37.764538)
120,Mission Dolores Park,SF-O21,true,27,37.7614205,-122.4264353,3,POINT (-122.42642 37.761417)
104,4th St at 16th St,SF-M30,true,35,37.76704458,-122.3908335,3,POINT (-122.39082 37.76704)
27,Beale St at Harrison St,SF-G30-1,true,23,37.787963,-122.3918085,3,POINT (-122.39179 37.787956)
110,17th & Folsom Street Park (17th St at Folsom St),SF-N23,true,23,37.7637085,-122.4152042,3,POINT (-122.41519 37.763702)
129,Harrison St at 20th St,SF-P24,true,19,37.758862,-122.412544,3,POINT (-122.41253 37.758858)
130,22nd St Caltrain Station,SF-P30,true,35,37.75770404,-122.39188492,3,POINT (-122.39187 37.757698)
90,Townsend St at 7th St,SF-L27,true,27,37.771058,-122.402717,3,POINT (-122.4027 37.771053)
153,59th St at Horton St,EM-A1,true,19,37.8409452,-122.2913604,13,POINT (-122.29134 37.84094)
174,52nd St at MLK Jr Way,OK-D3-2,true,23,37.837369,-122.267656,12,POINT (-122.26764 37.837364)
148,Horton St at 40th St,EM-D2,true,23,37.8297046,-122.2876102,13,POINT (-122.2876 37.8297)
164,Isabella St at San Pablo Ave,OK-J4,true,19,37.81498823,-122.27484405,12,POINT (-122.27483 37.814983)
150,Adeline St at 40th St,EM-D4,true,15,37.8312769,-122.2782669,13,POINT (-122.27825 37.831272)
137,Jersey St at Castro St,SF-R19,true,19,37.750506,-122.4339496,3,POINT (-122.43394 37.7505)
11,Davis St at Jackson St,SF-D28,true,35,37.79728,-122.398436,3,POINT (-122.39842 37.797276)
154,Doyle St at 59th St,EM-A2,true,15,37.8419238,-122.2880451,13,POINT (-122.28803 37.84192)
155,Emeryville Public Market,EM-B1,true,19,37.84052117,-122.29352832,13,POINT (-122.29352 37.840515)
172,College Ave at Taft Ave,OK-B5,true,15,37.8417999,-122.2515349,12,POINT (-122.25152 37.841793)
156,Stanford Ave at Hollis St,EM-B2,true,15,37.8384435,-122.2886647,13,POINT (-122.28865 37.83844)
145,29th St at Church St,SF-T20,true,15,37.7436839,-122.4268059,3,POINT (-122.426796 37.74368)
170,Telegraph Ave at 58th St,OK-B3,true,15,37.8444927,-122.261351,12,POINT (-122.26134 37.844486)
141,Valencia St at Cesar Chavez St,SF-S22-1,true,19,37.7479981,-122.4202187,3,POINT (-122.420204 37.747993)
162,Franklin St at 9th St,OK-M6,true,27,37.8005161,-122.2720799,12,POINT (-122.272064 37.80051)
159,24th St at Market St,OK-J3,true,19,37.8160598,-122.2782444,12,POINT (-122.27823 37.816055)
158,Shattuck Ave at Telegraph Ave,OK-E4,true,19,37.8332786,-122.2634901,12,POINT (-122.26347 37.833275)
14,Clay St at Battery St,SF-E28,true,31,37.795001,-122.39997,3,POINT (-122.399956 37.794994)
173,Shattuck Ave at 55th St,OK-D3-1,true,15,37.8403643,-122.2644881,12,POINT (-122.26447 37.84036)
168,Alcatraz Ave at Shattuck Ave,OK-B1,true,0,37.84959497,-122.26556897,12,POINT (-122.26556 37.84959)
179,Telegraph Ave at 27th St,OK-I5,true,19,37.81607312,-122.2678864,12,POINT (-122.267876 37.816067)
178,Broadway at 30th St,OK-H5,true,19,37.8193814,-122.2619284,12,POINT (-122.26192 37.819378)
182,19th Street BART Station,OK-K5-2,true,31,37.80936861,-122.26795077,12,POINT (-122.26794 37.809364)
146,30th St at San Jose Ave,SF-T21,true,15,37.7423139,-122.4231805,3,POINT (-122.423164 37.74231)
180,Telegraph Ave at 23rd St,OK-J5,true,19,37.8126783,-122.2687726,12,POINT (-122.26876 37.81267)
139,Garfield Square (25th St at Harrison St),SF-R24,true,23,37.750945,-122.4120835,3,POINT (-122.41207 37.75094)
140,Cesar Chavez St at Dolores St,SF-S21,true,15,37.7478584,-122.4249863,3,POINT (-122.42497 37.747852)
138,Jersey St at Church St,SF-R20,true,19,37.7509004,-122.4274114,3,POINT (-122.4274 37.750896)
8,The Embarcadero at Vallejo St,SF-C28-1,true,23,37.799953,-122.398525,3,POINT (-122.39851 37.79995)
147,29th St at Tiffany Ave,SF-T22,true,19,37.7440667,-122.4214722,3,POINT (-122.421455 37.74406)
142,Guerrero Park,SF-S22-2,true,15,37.7457388,-122.42214024,3,POINT (-122.42213 37.745735)
133,Valencia St at 22nd St,SF-Q22-1,true,23,37.7552126,-122.4209752,3,POINT (-122.42096 37.755207)
177,MacArthur Blvd at Telegraph Ave,OK-G4,true,0,37.8262863,-122.2651002,12,POINT (-122.26508 37.826283)
163,Lake Merritt BART Station,OK-M7,true,27,37.7973195,-122.2653199,12,POINT (-122.265305 37.797314)
134,Valencia St at 24th St,SF-Q22-2,true,23,37.7524278,-122.4206278,3,POINT (-122.420616 37.752422)
171,Rockridge BART Station,OK-B4,true,24,37.84427875,-122.25190043,12,POINT (-122.251884 37.844273)
151,53rd St at Hollis St,EM-C2,true,23,37.8361823,-122.2871801,13,POINT (-122.28717 37.836178)
152,47th St at San Pablo Ave,EM-C3,true,19,37.8356322,-122.28105068,13,POINT (-122.28104 37.83563)
183,Telegraph Ave at 19th St,OK-K5-1,true,27,37.8087021,-122.2699271,12,POINT (-122.26991 37.808697)
15,San Francisco Ferry Building (Harry Bridges Plaza),SF-E29-1,true,38,37.795392,-122.394203,3,POINT (-122.39419 37.795387)
169,Bushrod Park,OK-B2,true,19,37.8465156,-122.2653043,12,POINT (-122.26529 37.84651)
149,Emeryville Town Hall,EM-D3,true,23,37.8312752,-122.2856333,13,POINT (-122.28562 37.831272)
176,MacArthur BART Station,OK-F4,true,31,37.82840997,-122.26631463,12,POINT (-122.266304 37.828403)
181,Grand Ave at Webster St,OK-J6-1,true,27,37.8113768,-122.2651925,12,POINT (-122.26518 37.81137)
157,65th St at Hollis St,EM-C1,true,19,37.8467842,-122.2913761,13,POINT (-122.29137 37.84678)
144,Precita Park,SF-S24,true,15,37.7472996,-122.4114029,3,POINT (-122.41139 37.747295)
175,Telegraph Ave at 49th St,OK-D4,true,15,37.83575,-122.262654,12,POINT (-122.26264 37.835747)
167,College Ave at Harwood Ave,OK-A4,true,19,37.848152,-122.2521599,12,POINT (-122.252144 37.84815)
160,West Oakland BART Station,OK-N1,true,23,37.8053183,-122.2948365,12,POINT (-122.29482 37.805313)
166,College Ave at Alcatraz Ave,BK-A3,true,15,37.8513755,-122.2525233,14,POINT (-122.25251 37.85137)
3,Powell St BART Station (Market St at 4th St),SF-G27,true,35,37.78637527,-122.40490437,3,POINT (-122.40489 37.78637)
221,6th Ave at E 12th St (Temporary Location),OK-L10,true,15,37.794396,-122.253842,12,POINT (-122.25383 37.79439)
205,Miles Ave at Cavour St,OK-C4,true,19,37.8388,-122.258732,12,POINT (-122.25872 37.838795)
213,32nd St at Adeline St,OK-H2,true,15,37.8238474,-122.2811926,12,POINT (-122.28118 37.82384)
203,Webster St at 2nd St,OK-N6,true,27,37.79519476,-122.27396965,12,POINT (-122.27396 37.79519)
207,Broadway at Coronado Ave,OK-D5,true,23,37.8357883,-122.2516207,12,POINT (-122.25161 37.835785)
187,Jack London Square,OK-N5,true,0,37.796248,-122.279352,12,POINT (-122.279335 37.79624)
222,10th Ave at E 15th St,OK-L11,true,15,37.7927143,-122.2487796,12,POINT (-122.248764 37.79271)
192,37th St at West St,OK-G3,true,23,37.82669559,-122.27179706,12,POINT (-122.27178 37.82669)
212,Mosswood Park,OK-G5,true,31,37.82489253,-122.26043655,12,POINT (-122.26042 37.824886)
231,14th St at Filbert St,OK-L3,true,19,37.80874983,-122.28328228,12,POINT (-122.28327 37.808746)
6,The Embarcadero at Sansome St,SF-A27,true,23,37.80477,-122.403234,3,POINT (-122.40322 37.804764)
224,21st St at 5th Ave,OK-L13,true,23,37.80045941,-122.2474587,12,POINT (-122.247444 37.800453)
229,Bond St at High St,OK-L19,true,19,37.77415256,-122.2123982,12,POINT (-122.21239 37.774147)
188,Dover St at 57th St,OK-C2,true,15,37.8426295,-122.267738,12,POINT (-122.26772 37.842625)
193,Grand Ave at Santa Clara Ave,OK-H9-1,true,19,37.8127441,-122.2472152,12,POINT (-122.2472 37.81274)
209,45th St at MLK Jr Way,OK-E3,true,19,37.8335577,-122.2674183,12,POINT (-122.2674 37.833553)
223,16th St Mission BART Station 2,SF-N22-1B,true,19,37.7648385,-122.420141,3,POINT (-122.42013 37.764835)
228,Foothill Blvd at Harrington Ave,OK-K17,true,19,37.77993,-122.2177284,12,POINT (-122.21771 37.779926)
232,MLK Jr Way at 14th St,OK-L4,true,19,37.8061628,-122.2760402,12,POINT (-122.276024 37.806156)
227,Foothill Blvd at Fruitvale Ave,OK-L16,true,15,37.7837569,-122.2226033,12,POINT (-122.22259 37.783752)
230,14th St at Mandela Pkwy,OK-L1,true,15,37.8107432,-122.2914153,12,POINT (-122.291405 37.810738)
25,Howard St at 2nd St,SF-G28-1,true,18,37.78646613,-122.39871608,3,POINT (-122.398705 37.78646)
191,Market St at 40th St,OK-G2,true,15,37.8305452,-122.2739367,12,POINT (-122.273926 37.83054)
201,10th St at Fallon St,OK-L8,true,23,37.7976728,-122.2629973,12,POINT (-122.262985 37.79767)
198,Snow Park,OK-J6-2,true,31,37.80781318,-122.26449609,12,POINT (-122.26448 37.807808)
200,2nd Ave at E 18th St,OK-K9,true,35,37.80021357,-122.25381017,12,POINT (-122.2538 37.80021)
196,Grand Ave at Perkins St,OK-I8,true,23,37.80889393,-122.25646019,12,POINT (-122.25645 37.808887)
215,34th St at Telegraph Ave,OK-H4-3,true,23,37.8225475,-122.2663179,12,POINT (-122.266304 37.822544)
214,Market St at Brockhurst St,OK-H3,true,19,37.8233214,-122.2757325,12,POINT (-122.27572 37.823315)
202,Washington St at 8th St,OK-M5,true,27,37.8007544,-122.2748943,12,POINT (-122.27488 37.80075)
186,Lakeside Dr at 14th St,OK-L7-2,true,27,37.8013189,-122.2626418,12,POINT (-122.26263 37.801315)
206,College Ave at Bryant Ave,OK-C5,true,23,37.8381269,-122.2512714,12,POINT (-122.25126 37.838123)
12,Pier 1/2 at The Embarcadero,SF-D29,true,23,37.7963894,-122.3945855,3,POINT (-122.39457 37.796383)
204,55th St at Telegraph Ave,OK-C3,true,19,37.8401858,-122.2618225,12,POINT (-122.26181 37.84018)
210,45th St at Manila,OK-E5,true,23,37.83329352,-122.25622416,12,POINT (-122.25621 37.83329)
211,Broadway at 40th St,OK-F5,true,23,37.8277573,-122.2567156,12,POINT (-122.2567 37.82775)
197,El Embarcadero at Grand Ave,OK-I9,true,23,37.8088479,-122.2496799,12,POINT (-122.249664 37.80884)
226,26th Ave at International Blvd,OK-M14,true,15,37.781123,-122.2329915,12,POINT (-122.23298 37.781116)
195,Bay Pl at Vernon St,OK-I6,true,23,37.81231409,-122.26077855,12,POINT (-122.260765 37.81231)
220,San Pablo Ave at MLK Jr Way,OK-K4,true,19,37.8113514,-122.2734217,12,POINT (-122.27341 37.811348)
225,23rd Ave at Foothill Blvd,OK-L14,true,15,37.7851915,-122.2343822,12,POINT (-122.23437 37.785187)
189,Genoa St at 55th St,OK-D2,true,15,37.8396488,-122.2717561,12,POINT (-122.27174 37.839645)
190,West St at 40th St,OK-F3,true,23,37.8302232,-122.2709501,12,POINT (-122.270935 37.83022)
19,Post St at Kearny St,SF-F27,true,35,37.788975,-122.403452,3,POINT (-122.40344 37.78897)
41,Golden Gate Ave at Polk St,SF-I23-1,true,31,37.7813455,-122.418409,3,POINT (-122.418396 37.78134)
208,4th St at San Carlos St,SJ-N10-1,true,19,37.33279952,-121.8838504,5,POINT (-121.883835 37.332794)
217,27th St at MLK Jr Way,OK-I4,true,19,37.8170154,-122.2717615,12,POINT (-122.27175 37.81701)
216,San Pablo Ave at 27th St,OK-I3,true,19,37.8178269,-122.2756976,12,POINT (-122.27569 37.81782)
194,Lakeshore Ave at Trestle Glen Rd,OK-H9-2,true,15,37.8110807,-122.2432677,12,POINT (-122.243256 37.811077)
218,DeFremery Park,OK-K2,true,15,37.8123315,-122.2851712,12,POINT (-122.28516 37.81233)
219,Marston Campbell Park,OK-K3,true,19,37.8098236,-122.2801923,12,POINT (-122.28018 37.80982)
233,4th Ave at E 12th St (Temporary Location),OK-L9,true,19,37.795913,-122.255547,12,POINT (-122.25553 37.79591)
279,Santa Clara St at 7th St,SJ-M11-1,true,15,37.3391456,-121.8841054,5,POINT (-121.884094 37.33914)
283,Delmas Ave and San Fernando St,SJ-M8-2,true,19,37.3302641,-121.8977018,5,POINT (-121.89769 37.330257)
243,Bancroft Way at College Ave,BK-D10,true,30,37.8693603,-122.2543374,14,POINT (-122.254326 37.869354)
9,Broadway at Battery St,SF-C28-2,true,19,37.79857211,-122.40086898,3,POINT (-122.400856 37.79857)
249,Russell St at College Ave,BK-H10,true,19,37.8584732,-122.2532529,14,POINT (-122.25324 37.858467)
234,Farnam St at Fruitvale Ave,OK-M16,true,0,37.778058,-122.2254,12,POINT (-122.22539 37.778053)
256,Hearst Ave at Euclid Ave,BK-C9,true,15,37.87511169,-122.26055324,14,POINT (-122.260544 37.875107)
240,Haste St at Telegraph Ave,BK-E9-2,true,19,37.8660431,-122.2588044,14,POINT (-122.25879 37.86604)
236,Market St at 8th St,OK-M4,true,23,37.8036865,-122.282497,12,POINT (-122.282486 37.80368)
276,Julian St at The Alameda,SJ-K5,true,23,37.3322326,-121.9125165,5,POINT (-121.912506 37.332226)
254,Vine St at Shattuck Ave,BK-A7,true,15,37.88022245,-122.26959229,14,POINT (-122.26958 37.88022)
285,Webster St at O'Farrell St,SF-H20,true,27,37.78352084,-122.43115783,3,POINT (-122.431145 37.783516)
241,Ashby BART Station,BK-H6,true,23,37.8524766,-122.2702132,14,POINT (-122.2702 37.85247)
242,Milvia St at Derby St,BK-F7,true,23,37.8601246,-122.26938441,14,POINT (-122.26937 37.86012)
5,Powell St BART Station (Market St at 5th St),SF-H26,true,35,37.78389936,-122.40844488,3,POINT (-122.40843 37.783894)
237,Fruitvale BART Station,OK-N17,true,15,37.7752321,-122.2244982,12,POINT (-122.22449 37.775227)
269,Telegraph Ave at Carleton St,BK-F9,true,19,37.8623199,-122.258801,14,POINT (-122.25879 37.862316)
244,Shattuck Ave at Hearst Ave,BK-C7,true,23,37.87367621,-122.26848722,14,POINT (-122.26847 37.873672)
252,Channing Way at Shattuck Ave,BK-E7,true,23,37.8658466,-122.2674431,14,POINT (-122.26743 37.86584)
274,Oregon St at Adeline St,BK-G7,true,20,37.8575672,-122.2675583,14,POINT (-122.26755 37.857563)
253,Haste St at College Ave,BK-E10,true,23,37.86641794,-122.25379944,14,POINT (-122.253784 37.866413)
263,Channing Way at San Pablo Ave,BK-E3,true,23,37.8628271,-122.2902305,14,POINT (-122.290215 37.862823)
250,North Berkeley BART Station,BK-C5,true,27,37.873558,-122.283093,14,POINT (-122.28308 37.873554)
280,San Fernando St at 7th St,SJ-M11-2,true,23,37.33712237,-121.88321471,5,POINT (-121.8832 37.337116)
246,Berkeley Civic Center,BK-D7-2,true,27,37.8690599,-122.270556,14,POINT (-122.270546 37.869057)
10,Washington St at Kearny St,SF-D27,true,31,37.795402,-122.4046885,3,POINT (-122.40468 37.7954)
267,Derby St at College Ave,BK-F10,true,19,37.8618037,-122.2535687,14,POINT (-122.253555 37.861797)
262,West St at University Ave,BK-D4,true,15,37.86996671,-122.28653312,14,POINT (-122.28652 37.86996)
273,Fulton St at Ashby Ave,BK-H8,true,19,37.85557366,-122.26356536,14,POINT (-122.26355 37.855568)
258,University Ave at Oxford St,BK-C8,true,23,37.8723555,-122.2664467,14,POINT (-122.26643 37.87235)
277,W Julian St at N Morrison St,SJ-K6,true,19,37.33367712,-121.90861791,5,POINT (-121.90861 37.33367)
265,Ninth St at Parker St,BK-F2,true,15,37.8588682,-122.2912095,14,POINT (-122.2912 37.858864)
275,Julian St at 6th St,SJ-K11,true,15,37.3429973,-121.8888891,5,POINT (-121.88888 37.34299)
247,Fulton St at Bancroft Way,BK-E8,true,23,37.8677892,-122.2658964,14,POINT (-122.265884 37.867783)
251,California St at University Ave,BK-D5,true,15,37.87055533,-122.27972031,14,POINT (-122.27971 37.870552)
238,MLK Jr Way at University Ave,BK-C6,true,23,37.8717192,-122.2730677,14,POINT (-122.273056 37.871716)
13,Commercial St at Montgomery St,SF-E27,true,23,37.7942465,-122.402855,3,POINT (-122.40284 37.794243)
284,Yerba Buena Center for the Arts (Howard St at 3rd St),SF-H27-1,true,19,37.78487208,-122.40087569,3,POINT (-122.40086 37.784866)
271,San Pablo Park,BK-G4,true,19,37.85578332,-122.28312671,14,POINT (-122.28311 37.855778)
235,Union St at 10th St,OK-M2,true,19,37.8072393,-122.2893702,12,POINT (-122.28936 37.807236)
239,Bancroft Way at Telegraph Ave,BK-E9-1,true,23,37.8688126,-122.258764,14,POINT (-122.25875 37.86881)
257,Fifth St at Delaware St,BK-C1,true,15,37.87040712,-122.29967594,14,POINT (-122.29966 37.870403)
248,Telegraph Ave at Ashby Ave,BK-H9,true,19,37.8559558,-122.2597949,14,POINT (-122.25978 37.85595)
259,Addison St at Fourth St,BK-D1,true,23,37.866249,-122.2993708,14,POINT (-122.299355 37.866245)
255,Virginia St at Shattuck Ave,BK-B7,true,23,37.87657255,-122.26952791,14,POINT (-122.269516 37.876568)
268,Ellsworth St at Russell St,BK-G8,true,15,37.85749021,-122.26157784,14,POINT (-122.261566 37.857487)
270,Ninth St at Heinz Ave,BK-H3,true,15,37.85390696,-122.28969812,14,POINT (-122.28969 37.8539)
37,2nd St at Folsom St,SF-H29,true,37,37.78545291,-122.39651173,3,POINT (-122.3965 37.785446)
266,Parker St at Fulton St,BK-F8,true,23,37.8624644,-122.2647911,14,POINT (-122.26478 37.86246)
281,9th St at San Fernando St,SJ-M11-3,true,19,37.3383952,-121.8807965,5,POINT (-121.88078 37.33839)
282,E Virginia St at S 2nd St,SJ-P10-2,true,19,37.324414,-121.88078,5,POINT (-121.88077 37.32441)
245,Downtown Berkeley BART,BK-D7-1,true,29,37.870139,-122.268422,14,POINT (-122.26841 37.870132)
278,The Alameda at Bush St,SJ-L7-2,true,23,37.3319323,-121.9048882,5,POINT (-121.90488 37.33193)
311,Paseo De San Antonio at 2nd St,SJ-M10-3,true,19,37.333798,-121.886943,5,POINT (-121.88693 37.333794)
313,Almaden Blvd at San Fernando St,SJ-M8-1,true,23,37.331415,-121.8932,5,POINT (-121.89319 37.33141)
296,5th St at Virginia St,SJ-P10,true,27,37.3259984,-121.87712,5,POINT (-121.877106 37.325993)
307,SAP Center,SJ-L7-1,true,23,37.332692,-121.900084,5,POINT (-121.90007 37.332687)
292,Empire St at 1st St,SJ-J9,true,19,37.3448821,-121.8969655,5,POINT (-121.89695 37.344875)
34,Father Alfred E Boeddeker Park,SF-H25,true,0,37.7839879,-122.412408,3,POINT (-122.41239 37.78398)
298,Oak St at 1st St,SJ-P9,true,23,37.32212463,-121.8810904,5,POINT (-121.88108 37.32212)
290,George St at 1st St,SJ-I9,true,19,37.34759257,-121.89966202,5,POINT (-121.89965 37.347588)
309,San Jose City Hall,SJ-M10-1,true,23,37.337391,-121.886995,5,POINT (-121.88698 37.337387)
314,Santa Clara St at Almaden Blvd,SJ-M9-2,true,11,37.333988,-121.894902,5,POINT (-121.89489 37.333984)
287,Almaden Blvd at Balbach St,SJ-O9,true,19,37.32673,-121.8892731,5,POINT (-121.88926 37.326725)
297,Locust St at Grant St,SJ-P8,true,19,37.3229796,-121.8879312,5,POINT (-121.88792 37.322975)
295,William St at 10th St,SJ-O12,true,23,37.3327938,-121.8759263,5,POINT (-121.875916 37.33279)
306,Saint James Park,SJ-L10,true,15,37.339301,-121.889937,5,POINT (-121.88992 37.339294)
317,San Salvador St at 9th St,SJ-N11,true,19,37.333955,-121.877349,5,POINT (-121.877335 37.33395)
286,San Carlos St at 11th St,SJ-N12-1,true,19,37.3364659,-121.8766132,5,POINT (-121.8766 37.33646)
29,O'Farrell St at Divisadero St,SF-H18,true,27,37.7824046,-122.43944585,3,POINT (-122.43943 37.7824)
312,San Jose Diridon Station,SJ-M7-1,true,35,37.329732,-121.901782,5,POINT (-121.90177 37.329727)
291,Autumn Parkway at Coleman Ave,SJ-J8,true,15,37.3413348,-121.9031829,5,POINT (-121.90317 37.34133)
300,Palm St at Willow St,SJ-Q8,true,19,37.3172979,-121.884995,5,POINT (-121.88498 37.31729)
318,San Carlos St at Market St,SJ-N9,true,15,37.330698,-121.888979,5,POINT (-121.88897 37.330692)
308,San Pedro Square,SJ-L9,true,15,37.336802,-121.8940901,5,POINT (-121.89407 37.336796)
316,1st St at San Carlos St,SJ-N10-2,true,3,37.33116799,-121.88693762,5,POINT (-121.886925 37.33116)
288,Mission St at 1st St,SJ-H10,true,27,37.3509643,-121.9020161,5,POINT (-121.902 37.35096)
310,San Fernando St at 4th St,SJ-M10-2,true,23,37.335885,-121.88566,5,POINT (-121.88565 37.33588)
289,5th St at Taylor St,SJ-I10,true,23,37.35090179,-121.89584255,5,POINT (-121.89583 37.3509)
299,Bestor Art Park,SJ-Q11,true,15,37.3236779,-121.8741186,5,POINT (-121.87411 37.323673)
18,Telegraph Ave at Alcatraz Ave,OK-A2,true,11,37.85022187,-122.26017237,12,POINT (-122.26016 37.850216)
315,Market St at 45th St,OK-F2-2,true,15,37.834174,-122.272968,12,POINT (-122.27296 37.834167)
321,Folsom St at 5th St,SF-I27,true,31,37.78064509,-122.40286589,3,POINT (-122.402855 37.78064)
294,Pierce Ave at Market St,SJ-O10,true,27,37.327581,-121.884559,5,POINT (-121.884544 37.327576)
305,Ryland Park,SJ-K9,true,23,37.342725,-121.895617,5,POINT (-121.89561 37.34272)
323,Broadway at Kearny St,SF-C26,true,19,37.79801364,-122.40595043,3,POINT (-122.40594 37.798008)
301,Willow St at Vine St,SJ-Q9,true,15,37.3184498,-121.8831724,5,POINT (-121.883156 37.318443)
303,San Pedro St at Hedding St,SJ-H9,true,23,37.352601,-121.905733,5,POINT (-121.90572 37.352596)
324,Union Square (Powell St at Post St),SF-F26,true,27,37.78829998,-122.40853071,3,POINT (-122.408516 37.788296)
304,Jackson St at 5th St,SJ-J10,true,27,37.34875869,-121.89479783,5,POINT (-121.89478 37.348755)
341,Fountain Alley at S 2nd St,SJ-M10-4,true,11,37.3361883,-121.8892765,5,POINT (-121.88927 37.33618)
16,Market St at Steuart St,SF-E29-2,true,25,37.794525,-122.3948805,3,POINT (-122.39487 37.79452)
390,Indiana St at Cesar Chavez St,SF-S29,true,15,37.75043436,-122.39044726,3,POINT (-122.390434 37.75043)
362,Lane St at Revere Ave,SF-X30,true,19,37.73172669,-122.39005566,3,POINT (-122.390045 37.73172)
351,10th St at University Ave,BK-D2,true,19,37.86906048,-122.29339957,14,POINT (-122.29339 37.869057)
352,Goettingen St at Bacon St,SF-Y25,true,23,37.72694297,-122.40659952,3,POINT (-122.406586 37.726936)
340,Harmon St at Adeline St,BK-I6,true,15,37.849735,-122.270582,14,POINT (-122.27057 37.84973)
355,23rd St at Tennessee St,SF-Q30,true,31,37.75536713,-122.38879502,3,POINT (-122.38878 37.755363)
371,Lombard St at Columbus Ave,SF-B25,true,19,37.80274615,-122.41357863,3,POINT (-122.41357 37.802742)
364,China Basin St at 3rd St,SF-K30-2,true,31,37.7719996,-122.3899698,3,POINT (-122.38995 37.771996)
338,13th St at Franklin St,OK-L6,true,23,37.80318908,-122.27057934,12,POINT (-122.27057 37.803185)
358,Williams Ave at 3rd St,SF-Y29,true,19,37.72927865,-122.39289612,3,POINT (-122.39288 37.729275)
28,The Embarcadero at Bryant St,SF-G30-2,true,19,37.787332,-122.3881105,3,POINT (-122.3881 37.787327)
7,Frank H Ogawa Plaza,OK-L5,true,35,37.80456235,-122.27173805,12,POINT (-122.27173 37.804558)
380,Masonic Ave at Turk St,SF-I16,true,23,37.77904666,-122.44729131,3,POINT (-122.44728 37.77904)
339,Jackson St at 11th St,OK-L7,true,27,37.80000163,-122.26643801,12,POINT (-122.266426 37.799995)
345,Hubbell St at 16th St,SF-M28,true,27,37.766594,-122.398198,3,POINT (-122.398186 37.76659)
384,Jackson St at Polk St,SF-E23,true,27,37.79416044,-122.42156759,3,POINT (-122.421555 37.794155)
388,Backesto Park (Jackson St at 13th St),SJ-J12-2,true,15,37.35288683,-121.88604981,5,POINT (-121.88604 37.352882)
381,20th St at Dolores St,SF-P21,true,27,37.75823842,-122.42609382,3,POINT (-122.42608 37.758232)
327,5th St at San Salvador St,SJ-N10-3,true,19,37.33203868,-121.88176632,5,POINT (-121.88175 37.332035)
349,Howard St at 6th St,SF-I26-,true,27,37.7802645,-122.4066435,3,POINT (-122.40663 37.78026)
361,Mendell St at Fairfax Ave,SF-V30,true,19,37.73985302,-122.38565549,3,POINT (-122.38564 37.73985)
337,Webster St at 19th St,OK-K6,true,27,37.80696976,-122.26658821,12,POINT (-122.26658 37.806965)
4,Cyril Magnin St at Ellis St,SF-G26,true,35,37.785876,-122.4089225,3,POINT (-122.40891 37.78587)
383,Golden Gate Ave at Franklin St,SF-I22,true,31,37.780819,-122.4217875,3,POINT (-122.421776 37.780815)
370,Jones St at Post St,SF-G25,true,19,37.78732677,-122.41327822,3,POINT (-122.41326 37.787323)
391,1st St at Younger Ave,SJ-G10,true,19,37.35502958,-121.90443635,5,POINT (-121.90443 37.355026)
378,7th St at Empire St,SJ-J11,true,31,37.34771198,-121.89055324,5,POINT (-121.89054 37.347706)
385,Woolsey St at Sacramento St,BK-I5,true,14,37.8505777,-122.2781754,14,POINT (-122.27816 37.850574)
363,Salesforce Transit Center (Natoma St at 2nd St),SF-G29-1,true,35,37.7874921,-122.39828467,3,POINT (-122.39827 37.787487)
375,Grove St at Masonic Ave,SF-J16,true,31,37.774804,-122.446649,3,POINT (-122.44663 37.7748)
394,10th St at Empire St,SJ-J12-1,true,23,37.34942631,-121.8876189,5,POINT (-121.8876 37.349422)
369,Hyde St at Post St,SF-G24,true,27,37.7870936,-122.41670072,3,POINT (-122.41669 37.78709)
336,Potrero Ave at Mariposa St,SF-N26,true,27,37.76328094,-122.40737736,3,POINT (-122.407364 37.763275)
24,Spear St at Folsom St,SF-F30-2,true,19,37.7896767,-122.3904285,3,POINT (-122.39042 37.789673)
376,Illinois St at 20th St,SF-O30-2,true,19,37.7603435,-122.387449,3,POINT (-122.387436 37.760338)
365,Turk St at Fillmore St,SF-I20,true,23,37.78045006,-122.4319464,3,POINT (-122.43193 37.780445)
389,Taylor St at 9th St,SJ-I11,true,23,37.35306166,-121.89193726,5,POINT (-121.89192 37.353058)
372,Madison St at 17th St,OK-K7,true,19,37.80403678,-122.26240933,12,POINT (-122.2624 37.80403)
356,Valencia St at Clinton Park,SF-L22,true,19,37.76918818,-122.42228508,3,POINT (-122.42227 37.769184)
392,Sonora Ave at 1st St,SJ-E9,true,15,37.36406046,-121.91173196,5,POINT (-121.91172 37.364056)
368,Myrtle St at Polk St,SF-G23,true,27,37.785479,-122.419342,3,POINT (-122.41933 37.785473)
343,Bryant St at 2nd St,SF I29-1,true,27,37.78317199,-122.39357203,3,POINT (-122.39356 37.78317)
395,Kerley Dr at Rosemary St,SJ-F10,true,27,37.36085416,-121.90683424,5,POINT (-121.90682 37.360847)
350,8th St at Brannan St,SF-K26,true,31,37.77143136,-122.40578681,3,POINT (-122.40578 37.771427)
38,The Embarcadero at Pier 38,SF-H30,true,26,37.78292609,-122.38792062,3,POINT (-122.38791 37.78292)
359,Williams Ave at Apollo St,SF-Y27,true,15,37.730079,-122.3988045,3,POINT (-122.39879 37.730076)
373,Potrero del Sol Park (25th St at Utah St),SF-R26,true,23,37.75179165,-122.4052155,3,POINT (-122.405205 37.751785)
393,Asbury St at The Alameda,SJ-I5,true,23,37.33802231,-121.91947818,5,POINT (-121.919464 37.338017)
387,Randall St at Chenery St,SF-U21,true,19,37.73981272,-122.42552251,3,POINT (-122.42551 37.739807)
357,2nd St at Julian St,SJ-K10,true,23,37.34113204,-121.89284384,5,POINT (-121.89283 37.341125)
377,Fell St at Stanyan St,SF-K15-,true,19,37.7719511,-122.4537048,3,POINT (-122.45369 37.771946)
360,Jerrold Ave at 3rd St,SF-V29,true,19,37.73890064,-122.38952458,3,POINT (-122.38951 37.738895)
396,Metro Dr at Technology Dr,SJ-C9,true,23,37.36767805,-121.91879421,5,POINT (-121.91878 37.367672)
386,24th St at Bartlett St,SF-Q23-3,true,16,37.75210498,-122.41972357,3,POINT (-122.41971 37.7521)
417,Park Ave at Race St,SJ-M5,true,23,37.32601085,-121.91232741,5,POINT (-121.912315 37.326004)
23,The Embarcadero at Steuart St,SF-F30-1,true,23,37.7914015,-122.391038,3,POINT (-122.39102 37.791397)
402,Raymond Bernal Jr Memorial Park (8th St at Hedding St),SJ-H11,true,23,37.35683435,-121.89593576,5,POINT (-121.89592 37.35683)
418,17th St at Santa Clara St,SJ-L13,true,19,37.34398468,-121.87438488,5,POINT (-121.874374 37.34398)
434,Carroll Ave at 3rd St,SF-Z28,true,23,37.72537519,-122.39401996,3,POINT (-122.394005 37.72537)
410,Illinois St at Cesar Chavez St,SF-S30,true,19,37.7501075,-122.3865015,3,POINT (-122.38649 37.750103)
423,South San Jose State (7th St at Humboldt St),SJ-R11,true,31,37.32031582,-121.87009871,5,POINT (-121.87009 37.320312)
398,Leavenworth St at Broadway,SF-D24,true,19,37.79647069,-122.41685763,3,POINT (-122.41685 37.796467)
441,Chestnut St at Van Ness Ave,SF-B22,true,23,37.8023,-122.4244135,3,POINT (-122.4244 37.802296)
443,3rd St at Keyes St,SJ-Q10,true,23,37.32086615,-121.87627852,5,POINT (-121.87627 37.32086)
445,Natoma St at New Montgomery St,SF-G28-2,true,21,37.7864555,-122.399749,3,POINT (-122.399734 37.78645)
421,23rd St at Taylor St,SJ-I14,true,19,37.36000139,-121.87877834,5,POINT (-121.87877 37.359997)
26,1st St at Folsom St,SF-G29-2,true,19,37.78729,-122.39438,3,POINT (-122.39436 37.787285)
440,Carl St at Cole St,SF-M15,true,23,37.765942,-122.449228,3,POINT (-122.44921 37.765938)
401,Skyport Dr at Technology Dr,SJ-D9,true,19,37.36522655,-121.91681474,5,POINT (-121.9168 37.365223)
433,Gennessee St at Monterey Blvd,SF-W14,true,15,37.73165669,-122.45112151,3,POINT (-122.45111 37.73165)
416,Auzerais Ave at Los Gatos Creek Trail,SJ-N6,true,23,37.32118183,-121.90308988,5,POINT (-121.903076 37.32118)
411,Octavia Blvd at Page St,SF-J22-1,true,27,37.77401794,-122.42380857,3,POINT (-122.4238 37.774014)
422,Stockton Ave at Lenzen Ave,SJ-J6,true,23,37.33677476,-121.90914899,5,POINT (-121.909134 37.33677)
451,10th Ave at Irving St,SF-M11,true,23,37.7642245,-122.4673775,3,POINT (-122.46736 37.76422)
400,Buchanan St at North Point St,SF-A20,true,28,37.8044325,-122.433523,3,POINT (-122.43351 37.80443)
432,Quesada Ave at 3rd St,SF-X29,true,19,37.73309281,-122.39097297,3,POINT (-122.39096 37.73309)
405,Sunol St at San Carlos St,SJ-N5,true,27,37.32345134,-121.90597594,5,POINT (-121.90596 37.32345)
39,Scott St at Golden Gate Ave,SF-I19,true,27,37.7789994,-122.4368608,3,POINT (-122.436844 37.778996)
450,Funston Ave at Irving St,SF-M10,true,27,37.76393403,-122.47065067,3,POINT (-122.470634 37.763927)
399,Bay St at Fillmore St,SF-B19,true,27,37.8026635,-122.4360635,3,POINT (-122.43605 37.802658)
425,Bird Ave at Willow St,SJ-Q5,true,19,37.31128395,-121.89632535,5,POINT (-121.89631 37.31128)
419,Fern St at Polk St,SF-F23,true,21,37.788189,-122.4205245,3,POINT (-122.42051 37.788185)
403,10th St at Mission St,SJ-H12,true,23,37.35569265,-121.89225107,5,POINT (-121.892235 37.355686)
404,21st St at Santa Clara St,SJ-M14,true,19,37.3457588,-121.87067807,5,POINT (-121.87067 37.345753)
431,Judson Ave at Gennessee St,SF-X14,true,27,37.72828159,-122.45069504,3,POINT (-122.45068 37.728275)
444,Mercado Way at Sierra Rd,SJ-G15,true,19,37.37111641,-121.8813318,5,POINT (-121.88132 37.371113)
424,Greenwich St at Webster St,SF-C20,true,19,37.79920793,-122.43412167,3,POINT (-122.434105 37.799202)
454,7th Ave at Cabrillo St,SF-J12,true,23,37.7751205,-122.464998,3,POINT (-122.46498 37.775116)
70,Central Ave at Fell St,SF-K17,true,31,37.7735622,-122.4425712,3,POINT (-122.44256 37.773556)
412,Glen Park BART Station,SF-W19,true,40,37.7328128,-122.43414044,3,POINT (-122.43413 37.732807)
427,Auzerais Ave at Lincoln Ave,SJ-N5-2,true,27,37.32096853,-121.90829605,5,POINT (-121.90828 37.320965)
453,Brannan St at 4th St,SF-J28-2,true,19,37.77793367,-122.39697307,3,POINT (-122.39696 37.777927)
407,Bird Ave at Coe Ave,SJ-P6,true,15,37.31515793,-121.89783275,5,POINT (-121.89782 37.31515)
409,2100 Powell St,EM-B0-2,true,23,37.83954308,-122.29871772,13,POINT (-122.298706 37.83954)
435,Jennings St at Revere Ave,SF-Y30,true,19,37.72939321,-122.3865366,3,POINT (-122.38652 37.72939)
397,Gish Rd at 1st St,SJ-E10,true,23,37.3618668,-121.90931529,5,POINT (-121.9093 37.361862)
406,Parkmoor Ave at Race St,SJ-O4,true,27,37.31673648,-121.91000462,5,POINT (-121.90999 37.31673)
442,Newbury Park Dr at King Rd,SJ-H17,true,23,37.36553566,-121.86796635,5,POINT (-121.86795 37.365532)
437,Evans Ave at Mendell St,SF-V31,true,15,37.740048,-122.3834355,3,POINT (-122.38342 37.740044)
73,Pierce St at Haight St,SF-K20,true,27,37.7717933,-122.4337079,3,POINT (-122.43369 37.77179)
415,Delmas Ave at Virginia St,SJ-P7,true,19,37.31975696,-121.89299941,5,POINT (-121.89299 37.31975)
436,McKinnon Ave at 3rd St,SF-W29,true,23,37.73629587,-122.38996983,3,POINT (-122.38995 37.73629)
413,Balboa Park BART Station,SF-AA15,true,19,37.72055499,-122.44772315,3,POINT (-122.44771 37.72055)
446,Mint St at Mission St,SF-H26-2,true,15,37.78227953,-122.40731299,3,POINT (-122.4073 37.782276)
439,Post St at Divisadero St,SF-G18,true,31,37.784419,-122.439361,3,POINT (-122.43935 37.784412)
426,San Carlos St at Meridian Ave,SJ-M4,true,19,37.32334469,-121.91349685,5,POINT (-121.91348 37.32334)
438,Oakdale Ave at Phelps St,SF-V28,true,19,37.7370395,-122.3944985,3,POINT (-122.394485 37.737034)
463,Heron's Head Park,SF-V32,true,27,37.74032178,-122.37678409,3,POINT (-122.37677 37.74032)
497,Alemany Blvd at Silver Ave,SF-X19,true,19,37.73017447,-122.4328959,3,POINT (-122.432884 37.73017)
477,17th Ave at Geary Blvd,SF-G9,true,23,37.78071989,-122.4761036,3,POINT (-122.47609 37.780716)
72,Page St at Scott St,SF-K19,true,27,37.772354,-122.4358575,3,POINT (-122.435844 37.77235)
480,Steiner St at California St,SF-F19,true,19,37.78856891,-122.43540108,3,POINT (-122.43539 37.788563)
458,Frederick St at Arguello Blvd,SF-M13,true,19,37.76578299,-122.45763659,3,POINT (-122.45763 37.765778)
474,14th Ave at Geary Blvd,SF-G10-2,true,27,37.780364,-122.4728095,3,POINT (-122.47279 37.780357)
500,Battery St at Filbert St,SF-B28-2,true,31,37.80219785,-122.40177155,3,POINT (-122.40176 37.802193)
456,Arguello Blvd at Geary Blvd,SF-G13,true,19,37.78146762,-122.45880604,3,POINT (-122.45879 37.781464)
489,Funston Ave at Clement St,SF-G10-1,true,27,37.78249788,-122.47196764,3,POINT (-122.471954 37.782494)
466,5th Ave at Anza St,SF-H12,true,21,37.77948761,-122.46314183,3,POINT (-122.46313 37.779484)
478,Greenwich St at Franklin St,SF-B21,true,19,37.80025443,-122.42591947,3,POINT (-122.4259 37.80025)
459,Utah St at 24th St,SF-Q26,true,15,37.753259,-122.4055145,3,POINT (-122.4055 37.753254)
462,Cruise Terminal at Pier 27,SF-B28,true,23,37.804648,-122.402087,3,POINT (-122.40208 37.80464)
31,Raymond Kimbell Playground,SF-G19,true,31,37.78381271,-122.43455887,3,POINT (-122.43455 37.78381)
58,Market St at 10th St,SF-J23-1,true,31,37.776619,-122.417385,3,POINT (-122.41737 37.776615)
485,Funston Ave at Fulton St,SF-J10,true,27,37.77326318,-122.47123003,3,POINT (-122.471214 37.77326)
473,Willow St at Blewett Ave,SJ-Q4,true,23,37.30901407,-121.9000107,5,POINT (-121.899994 37.30901)
470,N 14th St at E Santa Clara St,SJ-L12,true,23,37.34266259,-121.87729239,5,POINT (-121.87728 37.34266)
457,7th Ave at Irving St,SF-M12,true,27,37.76343361,-122.46406317,3,POINT (-122.46405 37.763428)
472,Columbia Ave at Bird Ave,SJ-N7,true,23,37.32412595,-121.89971969,5,POINT (-121.899704 37.32412)
460,Terry Francois Blvd at Warriors Way,SF-M30-2,true,12,37.76909489,-122.38633275,3,POINT (-122.38632 37.76909)
476,19th St at William St,SJ-N14-2,true,15,37.33846801,-121.86652064,5,POINT (-121.86651 37.338463)
461,Terry Francois Blvd at Mission Bay Blvd N,SF-L31-1,true,27,37.77132959,-122.38662243,3,POINT (-122.38661 37.771324)
482,Brannan St at 7th St,SF-K27-2,true,23,37.772712,-122.4035775,3,POINT (-122.403564 37.77271)
481,O'Farrell St at Masonic Ave,SF-H16,true,27,37.78113055,-122.44737446,3,POINT (-122.447365 37.781124)
54,Alamo Square (Steiner St at Fulton St),SF-J19,true,23,37.77754677,-122.43327409,3,POINT (-122.43326 37.777542)
491,Devine St at San Pedro St,SJ-L9-2,true,23,37.3386706,-121.89564407,5,POINT (-121.89563 37.338665)
475,22nd St at William St,SJ-N14,true,15,37.34037874,-121.86402082,5,POINT (-121.864006 37.340374)
490,9th Ave at Geary Blvd,SF-G11,true,27,37.78184072,-122.46763587,3,POINT (-122.46762 37.781837)
488,Egbert Ave at Jennings St,SF-AA28,true,19,37.72262992,-122.39249647,3,POINT (-122.39249 37.722626)
498,Frida Kahlo Way at Cloud Cir,SF-Y14,true,23,37.72588979,-122.45244384,3,POINT (-122.45243 37.725883)
468,Grove St at Gough St,SF-J22-2,true,25,37.77787007,-122.42295295,3,POINT (-122.42294 37.777866)
469,Ellis St at Pierce St,SF-H19,true,27,37.78198169,-122.43576989,3,POINT (-122.43575 37.78198)
495,St James St at 9th St,SJ-L11,true,19,37.34320849,-121.88438952,5,POINT (-121.88438 37.343204)
492,Webster St at Clay St,SF-E20,true,19,37.79080303,-122.43259013,3,POINT (-122.43258 37.7908)
494,Park Ave at Laurel Grove Ln,SJ-M6-2,true,19,37.32628232,-121.9049111,5,POINT (-121.9049 37.32628)
52,McAllister St at Baker St,SF-J17,true,27,37.7774157,-122.4418376,3,POINT (-122.441826 37.777412)
479,Washington St at Van Ness Ave,SF-E22,false,3,37.79297985,-122.42330164,3,POINT (-122.42329 37.792976)
455,McAllister St at Arguello Blvd,SF-J13,true,19,37.775328,-122.458104,3,POINT (-122.45809 37.775322)
496,Green St at Van Ness Ave,SF-C22,true,23,37.79762791,-122.42353499,3,POINT (-122.42352 37.797623)
467,Brannan St at Colin P Kelly Jr St,SF-I30-2,true,35,37.78238579,-122.39134312,3,POINT (-122.39133 37.78238)
499,Otis St at Brady St,SF-K23,true,22,37.772219,-122.419976,3,POINT (-122.41996 37.772213)
465,San Francisco Caltrain Station (King St at 4th St),SF-J29-3,true,18,37.7763115,-122.394495,3,POINT (-122.394485 37.776306)
483,7th St at King St,SF-L27-2,true,27,37.77122902,-122.40088642,3,POINT (-122.40087 37.771225)
487,Powell St at Columbus Ave,SF-C25,true,30,37.80049604,-122.41088703,3,POINT (-122.41087 37.80049)
471,Turk Blvd at Stanyan St,SF-J14,true,21,37.77760931,-122.45462179,3,POINT (-122.454605 37.777603)
486,Arguello Blvd at Edward St,SF-H13,true,19,37.77848699,-122.45864511,3,POINT (-122.45863 37.77848)
61,Howard St at 8th St,SF-J25,true,27,37.7765126,-122.4113061,3,POINT (-122.41129 37.77651)
493,Folsom St at 7th St,SF-J26-2,true,19,37.77666378,-122.40790844,3,POINT (-122.4079 37.776657)
540,Eucalyptus Dr at 20th Ave,SF-W8,true,27,37.731085,-122.476163,3,POINT (-122.47615 37.73108)
532,38th Ave at Balboa St,SF-J3,true,18,37.775522,-122.498498,3,POINT (-122.49848 37.775517)
543,Great Hwy at Balboa St,SF-H0,true,27,37.775211,-122.511208,3,POINT (-122.51119 37.775208)
525,21st Ave at Geary Blvd,SF-G8,true,18,37.780111,-122.480389,3,POINT (-122.48038 37.780106)
515,18th Ave at California St,SF-F9,true,23,37.785111,-122.477667,3,POINT (-122.47765 37.785107)
537,Font Blvd at Arballo Dr,SF-Z6,true,30,37.722001,-122.482735,3,POINT (-122.48272 37.721996)
524,34th Ave at Balboa St,SF-J5,true,19,37.775681,-122.494064,3,POINT (-122.49405 37.775677)
518,22nd St at Potrero Ave,SF-P26,true,15,37.756808,-122.405943,3,POINT (-122.40593 37.7568)
501,Balboa Park (San Jose Ave at Sgt. John V. Young Ln,SF-Y16,false,0,37.72489268,-122.4432385,,POINT (-122.44322 37.724888)
43,San Francisco Public Library (Grove St at Hyde St),SF-I24,true,31,37.778889,-122.415475,3,POINT (-122.41546 37.778885)
523,Lafayette Park (Laguna St at Washington St),SF-E21,false,0,37.791966,-122.429315,,POINT (-122.4293 37.79196)
512,Divisadero St at Clay St,SF-E18,true,19,37.7895875,-122.440683,3,POINT (-122.44067 37.78958)
513,Alameda St at Henry Adams St,SF-M26-2,true,27,37.76854574,-122.40440279,3,POINT (-122.40439 37.76854)
505,Geneva Ave at Moscow St,SF-CC18,false,0,37.71319254,-122.43349135,,POINT (-122.43348 37.71319)
539,North Point St at Divisadero St,SF-A18,false,0,37.802949,-122.442702,,POINT (-122.44269 37.802944)
506,7th Ave at Clement St,SF-G12,true,24,37.78243852,-122.46537745,3,POINT (-122.46536 37.782433)
527,Tehama St at 1st St,SF-G29-3,true,39,37.788032,-122.395626,3,POINT (-122.395615 37.78803)
516,Clement St at 32nd Ave,SF-G5,true,23,37.781722,-122.492844,3,POINT (-122.49283 37.781715)
534,Fulton St at Laguna St,SF-I21,true,31,37.778307,-122.426527,3,POINT (-122.42651 37.7783)
517,Spruce St at California St,SF-F15,true,24,37.7865785,-122.45342284,3,POINT (-122.45341 37.786575)
56,Koshland Park,SF-K21,true,27,37.77341397,-122.4273169,3,POINT (-122.42731 37.77341)
514,Laurel St at California St,SF-F16,true,23,37.7866115,-122.4500525,3,POINT (-122.45004 37.786606)
529,Arlington St at Roanoke St,SF-W19-2,true,19,37.734966,-122.429772,3,POINT (-122.429756 37.734962)
544,Allyne Park (Green St at Gough St),SF-C21,true,19,37.797249,-122.427457,,POINT (-122.427444 37.797245)
511,Anza St at Collins St,SF-H15,true,29,37.78068,-122.450012,3,POINT (-122.45 37.780674)
509,Evans Ave at Newhall St,SF-U30,true,19,37.742232,-122.386843,3,POINT (-122.38683 37.742226)
521,48th Ave at Cabrillo St,SF-J1,true,23,37.772954,-122.509071,3,POINT (-122.509056 37.77295)
510,Post St at Webster St,SF-G20,true,31,37.785394,-122.431821,3,POINT (-122.43181 37.78539)
504,Onondaga Ave at Alemany Blvd,SF-AA17,false,0,37.72154367,-122.43830323,,POINT (-122.43829 37.72154)
530,Post St at Baker St,SF-G17,true,27,37.783973,-122.442878,3,POINT (-122.44286 37.78397)
541,Holloway Ave at Arellano Ave,SF-Z7,true,31,37.72095,-122.478859,3,POINT (-122.47884 37.720943)
75,Market St at Franklin St,SF-K22-1,true,35,37.77379321,-122.42123902,3,POINT (-122.42123 37.77379)
520,23rd Ave at Clement St,SF-G7,true,19,37.7819295,-122.4827855,3,POINT (-122.48277 37.781925)
502,Delano Ave at Oneida Ave,SF-Z16,true,24,37.72238229,-122.44380981,3,POINT (-122.443794 37.722378)
519,Townsend St at 6th St,SF-K28-3,true,23,37.773238,-122.399998,3,POINT (-122.39999 37.77323)
538,Haight St at Lyon St,SF-K17-2,true,12,37.770519,-122.442326,3,POINT (-122.442314 37.770515)
508,St. Joseph's Ave at Geary Blvd,SF-H17,true,27,37.78255087,-122.4423252,3,POINT (-122.442314 37.782547)
535,Filbert St at Fillmore St,SF-C19,true,0,37.798014,-122.435562,,POINT (-122.43555 37.798008)
533,Front St at California St,SF-E28-2,true,32,37.793177,-122.398823,3,POINT (-122.39881 37.79317)
528,Stanyan St at Geary Blvd,SF-H14,true,19,37.780949,-122.456303,3,POINT (-122.45629 37.780945)
503,London St at Geneva Ave,SF-BB17,true,19,37.71616095,-122.44010568,3,POINT (-122.440094 37.716156)
531,28th Ave at Geary Blvd,SF-G6,true,19,37.779673,-122.48797,3,POINT (-122.48795 37.779667)
60,8th St at Ringold St,SF-J24,true,31,37.7745204,-122.40944937,3,POINT (-122.40944 37.774517)
536,Fillmore St at Jefferson St,SF-A19,true,27,37.805376,-122.437261,,POINT (-122.43725 37.80537)
55,Webster St at Grove St,SF-J20,true,27,37.7770527,-122.4295585,3,POINT (-122.42954 37.777046)
74,Laguna St at Hayes St,SF-J21,true,27,37.7762475,-122.4262025,3,POINT (-122.426186 37.77624)
21,Montgomery St BART Station (Market St at 2nd St),SF-F28-2,true,39,37.7896254,-122.400811,3,POINT (-122.400795 37.78962)
81,Berry St at 4th St,SF-K29-1,true,35,37.77588,-122.39317,3,POINT (-122.39316 37.775875)
42,San Francisco City Hall (Polk St at Grove St),SF-I23-2,true,19,37.77865,-122.41823,3,POINT (-122.41822 37.778645)
44,Civic Center/UN Plaza BART Station (Market St at McAllister St),SF-I25,true,31,37.7810737,-122.4117382,3,POINT (-122.41173 37.781067)
63,Bryant St at 6th St,SF-J27,true,19,37.7758375,-122.402694,3,POINT (-122.40268 37.775833)
59,S Van Ness Ave at Market St,SF-J23-2,true,27,37.774814,-122.418954,3,POINT (-122.41894 37.77481)
79,7th St at Brannan St,SF-K27,true,18,37.7734919,-122.4036725,3,POINT (-122.403656 37.773487)
77,11th St at Natoma St,SF-K24,true,19,37.7735069,-122.4160402,3,POINT (-122.41602 37.773502)
80,Townsend St at 5th St,SF-K28,true,35,37.77523487,-122.3974371,3,POINT (-122.39742 37.77523)
50,2nd St at Townsend St,SF-I30,true,39,37.780526,-122.390288,3,POINT (-122.390274 37.78052)
62,Victoria Manalo Draves Park,SF-J26,true,15,37.77779057,-122.40643188,3,POINT (-122.40642 37.777786)
35,Cahill Park,SJ-M6,true,23,37.32911867,-121.90457582,5,POINT (-121.904564 37.329113)
46,San Antonio Park,OK-L12,true,15,37.79013985,-122.24237323,12,POINT (-122.24236 37.790134)
78,Folsom St at 9th St,SF-K25,true,27,37.7737172,-122.4116467,3,POINT (-122.41164 37.773712)
53,Grove St at Divisadero,SF-J18,true,27,37.775946,-122.4377775,3,POINT (-122.43777 37.77594)
49,S Park St at 3rd St,SF-I29-2,true,30,37.7807601,-122.3949894,3,POINT (-122.39497 37.780754)
84,Duboce Park,SF-L19,true,19,37.7692005,-122.4338119,3,POINT (-122.4338 37.769196)
545,7th Ave at Lawton St,SF-O12,true,27,37.7587,-122.463774,3,POINT (-122.46376 37.758694)
66,3rd St at Townsend St,SF-J29-1,true,39,37.7785885,-122.392553,3,POINT (-122.39254 37.778584)
71,Broderick St at Oak St,SF-K18,true,27,37.7730627,-122.4390777,3,POINT (-122.439064 37.773056)
64,5th St at Brannan St,SF-J28,true,0,37.7767539,-122.3990176,3,POINT (-122.399 37.77675)
76,McCoppin St at Valencia St,SF-K22-2,true,19,37.77168,-122.422301,3,POINT (-122.42229 37.771675)
47,4th St at Harrison St,SF-I28,true,31,37.7811944,-122.3999862,3,POINT (-122.39997 37.78119)
22,Howard St at Beale St,SF-F29,true,31,37.79029644,-122.39387512,3,POINT (-122.39386 37.79029)
51,Parker Ave at McAllister St,SF-J15,true,27,37.77610091,-122.45309293,3,POINT (-122.45308 37.776096)
105,16th St at Prosper St,SF-N20-1,true,19,37.764285,-122.4318042,3,POINT (-122.43179 37.76428)
91,Berry St at King St,SF-L28,true,23,37.77176211,-122.39843756,3,POINT (-122.39842 37.77176)
93,4th St at Mission Bay Blvd S,SF-L30-1,true,27,37.7703135,-122.3912365,3,POINT (-122.39122 37.77031)
126,Esprit Park,SF-O30,true,31,37.7616343,-122.3906477,3,POINT (-122.39063 37.76163)
108,16th St Mission BART,SF-N22-1A,true,11,37.7646845,-122.4199265,3,POINT (-122.419914 37.76468)
112,Harrison St at 17th St,SF-N24-2,true,19,37.7638471,-122.4130036,3,POINT (-122.41299 37.763844)
97,14th St at Mission St,SF-M22-1,true,19,37.768227,-122.420359,3,POINT (-122.42035 37.768223)
127,Valencia St at 21st St,SF-P22,true,23,37.7567083,-122.421025,3,POINT (-122.42101 37.756702)
96,Dolores St at 15th St,SF-M21,true,19,37.7661,-122.4266585,3,POINT (-122.42664 37.766094)
36,Folsom St at 3rd St,SF-H28,true,31,37.78383,-122.39887,3,POINT (-122.39886 37.783825)
88,11th St at Bryant St,SF-L25,true,27,37.7700298,-122.4117258,3,POINT (-122.41171 37.770023)
85,Church St at Duboce Ave,SF-L20,true,27,37.769818,-122.4291485,3,POINT (-122.42914 37.769814)
131,22nd St at Dolores St,SF-Q21-1,true,23,37.75499463,-122.4258368,3,POINT (-122.42583 37.75499)
109,17th St at Valencia St,SF-N22-2,true,23,37.763333,-122.4220555,3,POINT (-122.42204 37.76333)
98,Valencia St at 16th St,SF-M22-2,true,23,37.765429,-122.42189,3,POINT (-122.421875 37.765423)
114,Rhode Island St at 17th St,SF-N27,true,19,37.7644783,-122.4025701,3,POINT (-122.40256 37.764473)
92,Mission Bay Kids Park,SF-L29,true,25,37.77230063,-122.39302754,3,POINT (-122.39301 37.772297)
100,Bryant St at 15th St,SF-M25,true,19,37.7671004,-122.410662,3,POINT (-122.41065 37.767094)
122,19th St at Mission St,SF-O23,true,19,37.760278,-122.419074,3,POINT (-122.41906 37.760273)
124,19th St at Florida St,SF-O25-1,true,19,37.7604469,-122.410807,3,POINT (-122.4108 37.76044)
20,Mechanics Monument Plaza (Market St at Bush St),SF-F28-1,true,23,37.7913,-122.399051,3,POINT (-122.39904 37.791294)
119,18th St at Noe St,SF-O19,true,15,37.7610471,-122.4326417,3,POINT (-122.432625 37.761044)
102,Irwin St at 8th St,SF-M27,true,27,37.7668905,-122.399528,3,POINT (-122.39951 37.766884)
99,Folsom St at 15th St,SF-M24,true,19,37.7670373,-122.4154425,3,POINT (-122.41543 37.767033)
115,Jackson Playground,SF-N28,true,27,37.764965,-122.3990255,3,POINT (-122.39901 37.76496)
132,24th St at Chattanooga St,SF-Q21-2,true,19,37.7518194,-122.4266139,3,POINT (-122.4266 37.751816)
116,Mississippi St at 17th St,SF-N29,true,31,37.764794,-122.3947595,3,POINT (-122.394745 37.76479)
118,Eureka Valley Recreation Center,SF-O18,true,19,37.759211,-122.4367975,3,POINT (-122.43678 37.759205)
546,13th St at Webster St,OK-L6-2,true,19,37.8026884,-122.26914637,,POINT (-122.269135 37.802685)
106,Sanchez St at 17th St,SF-N20-2,true,19,37.7632417,-122.4306746,3,POINT (-122.430664 37.763237)
86,Market St at Dolores St,SF-L21,true,19,37.769244,-122.4269645,3,POINT (-122.42695 37.769238)
87,Folsom St at 13th St,SF-L24,true,27,37.769757,-122.415674,3,POINT (-122.41566 37.769753)
